Pablo,Gonzalez Sanchez,pgonzalezs1999@gmail.com,8011999,Malaga,pgonzalezs,pablo123,1
Yago,Barreiro OtroApellido, yagobarreiro@gmail.com, 05062001,Madrid,yagob01,yago123,1
Maria,Rodriguez OtroApellido,mariateresa@gmail.com,06072000,Madrid,mariatr00,maria123,0
Mercedes,Apellido OtroApellido, merche@gmail.com,07082002,Barcelona,mercheaa02,merche123,0
Prueba,Prueba,Prueba,Prueba,Prueba,v,v,Prueba
Prueba,Prueba,Prueba,Prueba,Prueba,Prueba,Prueba,Prueba
yyyy,oooo,yo@gmail.com,09/09/09,Madrid,yo,yyyy,macho
